Strategy,Cold Start Rate,Warmings,Reduction vs Baseline
No Warming (Baseline),0.8105200945626477,0,0.0
Fixed Threshold (0.5),0.09219858156028368,6515,0.8862476301589617
Adaptive (Proposed),0.1355791962174941,6105,0.8327256817850371
