Strategy,Cold Start Rate,Warmings,Reduction vs Baseline
No Warming (Baseline),0.8105200945626477,0,0.0
Fixed Threshold (0.5),0.08747044917257683,6553,0.8920810850226046
Adaptive (Proposed),0.13215130023640662,6104,0.8369549365611784
